intent	mode	earlier_hold	on_lapse	state	event	outcome
temporary	manual	no	revert	Unchecked	Check	-> Checked
temporary	manual	no	revert	Checked	Request	-> Pending
temporary	manual	no	revert	Pending	Approve	-> Applying
temporary	manual	no	revert	Pending	ApprovalWindowLapses	-> ApprovalExpired
temporary	manual	no	revert	Pending	Cancel	-> Closed
temporary	manual	no	revert	Pending	HostContractChanged	-> Closed
temporary	manual	no	revert	ApprovalExpired	Cancel	-> Closed
temporary	manual	no	revert	Applying	AllStepsDone	-> Applied
temporary	manual	no	revert	Applying	CommitItem	refuse R0102
temporary	manual	no	revert	Applying	Refuse	-> Reverting
temporary	manual	no	revert	Applying	WaitAtStep	-> Waiting
temporary	manual	no	revert	Applying	DeferAtStep	-> Deferred
temporary	manual	no	revert	Applying	Renew	stay
temporary	manual	no	revert	Applying	Confirm	refuse R0102
temporary	manual	no	revert	Applying	WaneElapses	-> Expired
temporary	manual	no	revert	Waiting	WaitSatisfied	-> Applying
temporary	manual	no	revert	Waiting	Recant	-> Reverting
temporary	manual	no	revert	Waiting	BoundLapses	-> Reverting
temporary	manual	no	revert	Waiting	WaneElapses	-> Expired
temporary	manual	no	revert	Deferred	HandoffDone	-> Applying
temporary	manual	no	revert	Deferred	Recant	-> Reverting
temporary	manual	no	revert	Deferred	CommitVerb	refuse R0102
temporary	manual	no	revert	Deferred	WaneElapses	-> Expired
temporary	manual	no	revert	Held	Recant	-> Reverting
temporary	manual	no	revert	Held	CommitVerb	refuse R0102
temporary	manual	no	revert	Held	Resume	-> Applying
temporary	manual	no	revert	Held	WaneElapses	-> Expired
temporary	manual	no	revert	Applied	Recant	-> Reverting
temporary	manual	no	revert	Applied	Suspend	-> Suspended
temporary	manual	no	revert	Applied	Renew	stay
temporary	manual	no	revert	Applied	Confirm	refuse R0102
temporary	manual	no	revert	Applied	WaneElapses	-> Expired
temporary	manual	no	revert	Suspended	Recant	-> Reverting
temporary	manual	no	revert	Suspended	Reestablish	-> Applied
temporary	manual	no	revert	Suspended	WaneElapses	-> Expired
temporary	manual	no	revert	Expired	WaneElapses	stay
temporary	manual	no	revert	Expired	UndoClean	-> Closed
temporary	manual	no	revert	Expired	UndoFailed	-> Stuck
temporary	manual	no	revert	Expired	DriftOnDefer	-> DriftHeld
temporary	manual	no	revert	Reverting	WaneElapses	-> Expired
temporary	manual	no	revert	Reverting	UndoClean	-> Closed
temporary	manual	no	revert	Reverting	UndoFailed	-> Stuck
temporary	manual	no	revert	Reverting	DriftOnDefer	-> DriftHeld
temporary	manual	no	revert	Stuck	WaneElapses	stay
temporary	manual	no	revert	Stuck	Retry	-> Reverting
temporary	manual	no	revert	Stuck	Abandon	-> Closed
temporary	manual	no	revert	DriftHeld	Recant	refuse R0103
temporary	manual	no	revert	DriftHeld	WaneElapses	stay
temporary	manual	no	revert	DriftHeld	ForceDrift	-> Reverting
temporary	manual	no	revert	DriftHeld	Abandon	-> Closed
temporary	manual	no	hold	Unchecked	Check	-> Checked
temporary	manual	no	hold	Checked	Request	-> Pending
temporary	manual	no	hold	Pending	Approve	-> Applying
temporary	manual	no	hold	Pending	ApprovalWindowLapses	-> ApprovalExpired
temporary	manual	no	hold	Pending	Cancel	-> Closed
temporary	manual	no	hold	Pending	HostContractChanged	-> Closed
temporary	manual	no	hold	ApprovalExpired	Cancel	-> Closed
temporary	manual	no	hold	Applying	AllStepsDone	-> Applied
temporary	manual	no	hold	Applying	CommitItem	refuse R0102
temporary	manual	no	hold	Applying	Refuse	-> Reverting
temporary	manual	no	hold	Applying	WaitAtStep	-> Waiting
temporary	manual	no	hold	Applying	DeferAtStep	-> Deferred
temporary	manual	no	hold	Applying	Renew	stay
temporary	manual	no	hold	Applying	Confirm	refuse R0102
temporary	manual	no	hold	Applying	WaneElapses	-> Expired
temporary	manual	no	hold	Waiting	WaitSatisfied	-> Applying
temporary	manual	no	hold	Waiting	Recant	-> Reverting
temporary	manual	no	hold	Waiting	BoundLapses	-> Held
temporary	manual	no	hold	Waiting	WaneElapses	-> Expired
temporary	manual	no	hold	Deferred	HandoffDone	-> Applying
temporary	manual	no	hold	Deferred	Recant	-> Reverting
temporary	manual	no	hold	Deferred	CommitVerb	refuse R0102
temporary	manual	no	hold	Deferred	WaneElapses	-> Expired
temporary	manual	no	hold	Held	Recant	-> Reverting
temporary	manual	no	hold	Held	CommitVerb	refuse R0102
temporary	manual	no	hold	Held	Resume	-> Applying
temporary	manual	no	hold	Held	WaneElapses	-> Expired
temporary	manual	no	hold	Applied	Recant	-> Reverting
temporary	manual	no	hold	Applied	Suspend	-> Suspended
temporary	manual	no	hold	Applied	Renew	stay
temporary	manual	no	hold	Applied	Confirm	refuse R0102
temporary	manual	no	hold	Applied	WaneElapses	-> Expired
temporary	manual	no	hold	Suspended	Recant	-> Reverting
temporary	manual	no	hold	Suspended	Reestablish	-> Applied
temporary	manual	no	hold	Suspended	WaneElapses	-> Expired
temporary	manual	no	hold	Expired	WaneElapses	stay
temporary	manual	no	hold	Expired	UndoClean	-> Closed
temporary	manual	no	hold	Expired	UndoFailed	-> Stuck
temporary	manual	no	hold	Expired	DriftOnDefer	-> DriftHeld
temporary	manual	no	hold	Reverting	WaneElapses	-> Expired
temporary	manual	no	hold	Reverting	UndoClean	-> Closed
temporary	manual	no	hold	Reverting	UndoFailed	-> Stuck
temporary	manual	no	hold	Reverting	DriftOnDefer	-> DriftHeld
temporary	manual	no	hold	Stuck	WaneElapses	stay
temporary	manual	no	hold	Stuck	Retry	-> Reverting
temporary	manual	no	hold	Stuck	Abandon	-> Closed
temporary	manual	no	hold	DriftHeld	Recant	refuse R0103
temporary	manual	no	hold	DriftHeld	WaneElapses	stay
temporary	manual	no	hold	DriftHeld	ForceDrift	-> Reverting
temporary	manual	no	hold	DriftHeld	Abandon	-> Closed
temporary	manual	yes	revert	Unchecked	Check	-> Checked
temporary	manual	yes	revert	Checked	Request	-> Pending
temporary	manual	yes	revert	Pending	Approve	-> Applying
temporary	manual	yes	revert	Pending	ApprovalWindowLapses	-> ApprovalExpired
temporary	manual	yes	revert	Pending	Cancel	-> Closed
temporary	manual	yes	revert	Pending	HostContractChanged	-> Closed
temporary	manual	yes	revert	ApprovalExpired	Cancel	-> Closed
temporary	manual	yes	revert	Applying	AllStepsDone	-> Applied
temporary	manual	yes	revert	Applying	CommitItem	refuse R0102
temporary	manual	yes	revert	Applying	Refuse	-> Held
temporary	manual	yes	revert	Applying	WaitAtStep	-> Waiting
temporary	manual	yes	revert	Applying	DeferAtStep	-> Deferred
temporary	manual	yes	revert	Applying	Renew	stay
temporary	manual	yes	revert	Applying	Confirm	refuse R0102
temporary	manual	yes	revert	Applying	WaneElapses	-> Expired
temporary	manual	yes	revert	Waiting	WaitSatisfied	-> Applying
temporary	manual	yes	revert	Waiting	Recant	-> Reverting
temporary	manual	yes	revert	Waiting	BoundLapses	-> Reverting
temporary	manual	yes	revert	Waiting	WaneElapses	-> Expired
temporary	manual	yes	revert	Deferred	HandoffDone	-> Applying
temporary	manual	yes	revert	Deferred	Recant	-> Reverting
temporary	manual	yes	revert	Deferred	CommitVerb	refuse R0102
temporary	manual	yes	revert	Deferred	WaneElapses	-> Expired
temporary	manual	yes	revert	Held	Recant	-> Reverting
temporary	manual	yes	revert	Held	CommitVerb	refuse R0102
temporary	manual	yes	revert	Held	Resume	-> Applying
temporary	manual	yes	revert	Held	WaneElapses	-> Expired
temporary	manual	yes	revert	Applied	Recant	-> Reverting
temporary	manual	yes	revert	Applied	Suspend	-> Suspended
temporary	manual	yes	revert	Applied	Renew	stay
temporary	manual	yes	revert	Applied	Confirm	refuse R0102
temporary	manual	yes	revert	Applied	WaneElapses	-> Expired
temporary	manual	yes	revert	Suspended	Recant	-> Reverting
temporary	manual	yes	revert	Suspended	Reestablish	-> Applied
temporary	manual	yes	revert	Suspended	WaneElapses	-> Expired
temporary	manual	yes	revert	Expired	WaneElapses	stay
temporary	manual	yes	revert	Expired	UndoClean	-> Closed
temporary	manual	yes	revert	Expired	UndoFailed	-> Stuck
temporary	manual	yes	revert	Expired	DriftOnDefer	-> DriftHeld
temporary	manual	yes	revert	Reverting	WaneElapses	-> Expired
temporary	manual	yes	revert	Reverting	UndoClean	-> Closed
temporary	manual	yes	revert	Reverting	UndoFailed	-> Stuck
temporary	manual	yes	revert	Reverting	DriftOnDefer	-> DriftHeld
temporary	manual	yes	revert	Stuck	WaneElapses	stay
temporary	manual	yes	revert	Stuck	Retry	-> Reverting
temporary	manual	yes	revert	Stuck	Abandon	-> Closed
temporary	manual	yes	revert	DriftHeld	Recant	refuse R0103
temporary	manual	yes	revert	DriftHeld	WaneElapses	stay
temporary	manual	yes	revert	DriftHeld	ForceDrift	-> Reverting
temporary	manual	yes	revert	DriftHeld	Abandon	-> Closed
temporary	manual	yes	hold	Unchecked	Check	-> Checked
temporary	manual	yes	hold	Checked	Request	-> Pending
temporary	manual	yes	hold	Pending	Approve	-> Applying
temporary	manual	yes	hold	Pending	ApprovalWindowLapses	-> ApprovalExpired
temporary	manual	yes	hold	Pending	Cancel	-> Closed
temporary	manual	yes	hold	Pending	HostContractChanged	-> Closed
temporary	manual	yes	hold	ApprovalExpired	Cancel	-> Closed
temporary	manual	yes	hold	Applying	AllStepsDone	-> Applied
temporary	manual	yes	hold	Applying	CommitItem	refuse R0102
temporary	manual	yes	hold	Applying	Refuse	-> Held
temporary	manual	yes	hold	Applying	WaitAtStep	-> Waiting
temporary	manual	yes	hold	Applying	DeferAtStep	-> Deferred
temporary	manual	yes	hold	Applying	Renew	stay
temporary	manual	yes	hold	Applying	Confirm	refuse R0102
temporary	manual	yes	hold	Applying	WaneElapses	-> Expired
temporary	manual	yes	hold	Waiting	WaitSatisfied	-> Applying
temporary	manual	yes	hold	Waiting	Recant	-> Reverting
temporary	manual	yes	hold	Waiting	BoundLapses	-> Held
temporary	manual	yes	hold	Waiting	WaneElapses	-> Expired
temporary	manual	yes	hold	Deferred	HandoffDone	-> Applying
temporary	manual	yes	hold	Deferred	Recant	-> Reverting
temporary	manual	yes	hold	Deferred	CommitVerb	refuse R0102
temporary	manual	yes	hold	Deferred	WaneElapses	-> Expired
temporary	manual	yes	hold	Held	Recant	-> Reverting
temporary	manual	yes	hold	Held	CommitVerb	refuse R0102
temporary	manual	yes	hold	Held	Resume	-> Applying
temporary	manual	yes	hold	Held	WaneElapses	-> Expired
temporary	manual	yes	hold	Applied	Recant	-> Reverting
temporary	manual	yes	hold	Applied	Suspend	-> Suspended
temporary	manual	yes	hold	Applied	Renew	stay
temporary	manual	yes	hold	Applied	Confirm	refuse R0102
temporary	manual	yes	hold	Applied	WaneElapses	-> Expired
temporary	manual	yes	hold	Suspended	Recant	-> Reverting
temporary	manual	yes	hold	Suspended	Reestablish	-> Applied
temporary	manual	yes	hold	Suspended	WaneElapses	-> Expired
temporary	manual	yes	hold	Expired	WaneElapses	stay
temporary	manual	yes	hold	Expired	UndoClean	-> Closed
temporary	manual	yes	hold	Expired	UndoFailed	-> Stuck
temporary	manual	yes	hold	Expired	DriftOnDefer	-> DriftHeld
temporary	manual	yes	hold	Reverting	WaneElapses	-> Expired
temporary	manual	yes	hold	Reverting	UndoClean	-> Closed
temporary	manual	yes	hold	Reverting	UndoFailed	-> Stuck
temporary	manual	yes	hold	Reverting	DriftOnDefer	-> DriftHeld
temporary	manual	yes	hold	Stuck	WaneElapses	stay
temporary	manual	yes	hold	Stuck	Retry	-> Reverting
temporary	manual	yes	hold	Stuck	Abandon	-> Closed
temporary	manual	yes	hold	DriftHeld	Recant	refuse R0103
temporary	manual	yes	hold	DriftHeld	WaneElapses	stay
temporary	manual	yes	hold	DriftHeld	ForceDrift	-> Reverting
temporary	manual	yes	hold	DriftHeld	Abandon	-> Closed
temporary	auto	no	revert	Unchecked	Check	-> Checked
temporary	auto	no	revert	Checked	Request	-> Pending
temporary	auto	no	revert	Pending	Approve	-> Applying
temporary	auto	no	revert	Pending	ApprovalWindowLapses	-> ApprovalExpired
temporary	auto	no	revert	Pending	Cancel	-> Closed
temporary	auto	no	revert	Pending	HostContractChanged	-> Closed
temporary	auto	no	revert	ApprovalExpired	Cancel	-> Closed
temporary	auto	no	revert	Applying	AllStepsDone	-> Applied
temporary	auto	no	revert	Applying	CommitItem	refuse R0102
temporary	auto	no	revert	Applying	Refuse	-> Reverting
temporary	auto	no	revert	Applying	WaitAtStep	-> Waiting
temporary	auto	no	revert	Applying	DeferAtStep	-> Deferred
temporary	auto	no	revert	Applying	Renew	stay
temporary	auto	no	revert	Applying	Confirm	refuse R0102
temporary	auto	no	revert	Applying	WaneElapses	-> Expired
temporary	auto	no	revert	Waiting	WaitSatisfied	-> Applying
temporary	auto	no	revert	Waiting	Recant	-> Reverting
temporary	auto	no	revert	Waiting	BoundLapses	-> Reverting
temporary	auto	no	revert	Waiting	WaneElapses	-> Expired
temporary	auto	no	revert	Deferred	HandoffDone	-> Applying
temporary	auto	no	revert	Deferred	Recant	-> Reverting
temporary	auto	no	revert	Deferred	CommitVerb	refuse R0102
temporary	auto	no	revert	Deferred	WaneElapses	-> Expired
temporary	auto	no	revert	Held	Recant	-> Reverting
temporary	auto	no	revert	Held	CommitVerb	refuse R0102
temporary	auto	no	revert	Held	Resume	-> Applying
temporary	auto	no	revert	Held	WaneElapses	-> Expired
temporary	auto	no	revert	Applied	Recant	-> Reverting
temporary	auto	no	revert	Applied	Suspend	-> Suspended
temporary	auto	no	revert	Applied	Renew	stay
temporary	auto	no	revert	Applied	Confirm	refuse R0102
temporary	auto	no	revert	Applied	WaneElapses	-> Expired
temporary	auto	no	revert	Suspended	Recant	-> Reverting
temporary	auto	no	revert	Suspended	Reestablish	-> Applied
temporary	auto	no	revert	Suspended	WaneElapses	-> Expired
temporary	auto	no	revert	Expired	WaneElapses	stay
temporary	auto	no	revert	Expired	UndoClean	-> Closed
temporary	auto	no	revert	Expired	UndoFailed	-> Stuck
temporary	auto	no	revert	Expired	DriftOnDefer	-> DriftHeld
temporary	auto	no	revert	Reverting	WaneElapses	-> Expired
temporary	auto	no	revert	Reverting	UndoClean	-> Closed
temporary	auto	no	revert	Reverting	UndoFailed	-> Stuck
temporary	auto	no	revert	Reverting	DriftOnDefer	-> DriftHeld
temporary	auto	no	revert	Stuck	WaneElapses	stay
temporary	auto	no	revert	Stuck	Retry	-> Reverting
temporary	auto	no	revert	Stuck	Abandon	-> Closed
temporary	auto	no	revert	DriftHeld	Recant	refuse R0103
temporary	auto	no	revert	DriftHeld	WaneElapses	stay
temporary	auto	no	revert	DriftHeld	ForceDrift	-> Reverting
temporary	auto	no	revert	DriftHeld	Abandon	-> Closed
temporary	auto	no	hold	Unchecked	Check	-> Checked
temporary	auto	no	hold	Checked	Request	-> Pending
temporary	auto	no	hold	Pending	Approve	-> Applying
temporary	auto	no	hold	Pending	ApprovalWindowLapses	-> ApprovalExpired
temporary	auto	no	hold	Pending	Cancel	-> Closed
temporary	auto	no	hold	Pending	HostContractChanged	-> Closed
temporary	auto	no	hold	ApprovalExpired	Cancel	-> Closed
temporary	auto	no	hold	Applying	AllStepsDone	-> Applied
temporary	auto	no	hold	Applying	CommitItem	refuse R0102
temporary	auto	no	hold	Applying	Refuse	-> Reverting
temporary	auto	no	hold	Applying	WaitAtStep	-> Waiting
temporary	auto	no	hold	Applying	DeferAtStep	-> Deferred
temporary	auto	no	hold	Applying	Renew	stay
temporary	auto	no	hold	Applying	Confirm	refuse R0102
temporary	auto	no	hold	Applying	WaneElapses	-> Expired
temporary	auto	no	hold	Waiting	WaitSatisfied	-> Applying
temporary	auto	no	hold	Waiting	Recant	-> Reverting
temporary	auto	no	hold	Waiting	BoundLapses	-> Reverting
temporary	auto	no	hold	Waiting	WaneElapses	-> Expired
temporary	auto	no	hold	Deferred	HandoffDone	-> Applying
temporary	auto	no	hold	Deferred	Recant	-> Reverting
temporary	auto	no	hold	Deferred	CommitVerb	refuse R0102
temporary	auto	no	hold	Deferred	WaneElapses	-> Expired
temporary	auto	no	hold	Held	Recant	-> Reverting
temporary	auto	no	hold	Held	CommitVerb	refuse R0102
temporary	auto	no	hold	Held	Resume	-> Applying
temporary	auto	no	hold	Held	WaneElapses	-> Expired
temporary	auto	no	hold	Applied	Recant	-> Reverting
temporary	auto	no	hold	Applied	Suspend	-> Suspended
temporary	auto	no	hold	Applied	Renew	stay
temporary	auto	no	hold	Applied	Confirm	refuse R0102
temporary	auto	no	hold	Applied	WaneElapses	-> Expired
temporary	auto	no	hold	Suspended	Recant	-> Reverting
temporary	auto	no	hold	Suspended	Reestablish	-> Applied
temporary	auto	no	hold	Suspended	WaneElapses	-> Expired
temporary	auto	no	hold	Expired	WaneElapses	stay
temporary	auto	no	hold	Expired	UndoClean	-> Closed
temporary	auto	no	hold	Expired	UndoFailed	-> Stuck
temporary	auto	no	hold	Expired	DriftOnDefer	-> DriftHeld
temporary	auto	no	hold	Reverting	WaneElapses	-> Expired
temporary	auto	no	hold	Reverting	UndoClean	-> Closed
temporary	auto	no	hold	Reverting	UndoFailed	-> Stuck
temporary	auto	no	hold	Reverting	DriftOnDefer	-> DriftHeld
temporary	auto	no	hold	Stuck	WaneElapses	stay
temporary	auto	no	hold	Stuck	Retry	-> Reverting
temporary	auto	no	hold	Stuck	Abandon	-> Closed
temporary	auto	no	hold	DriftHeld	Recant	refuse R0103
temporary	auto	no	hold	DriftHeld	WaneElapses	stay
temporary	auto	no	hold	DriftHeld	ForceDrift	-> Reverting
temporary	auto	no	hold	DriftHeld	Abandon	-> Closed
temporary	auto	yes	revert	Unchecked	Check	-> Checked
temporary	auto	yes	revert	Checked	Request	-> Pending
temporary	auto	yes	revert	Pending	Approve	-> Applying
temporary	auto	yes	revert	Pending	ApprovalWindowLapses	-> ApprovalExpired
temporary	auto	yes	revert	Pending	Cancel	-> Closed
temporary	auto	yes	revert	Pending	HostContractChanged	-> Closed
temporary	auto	yes	revert	ApprovalExpired	Cancel	-> Closed
temporary	auto	yes	revert	Applying	AllStepsDone	-> Applied
temporary	auto	yes	revert	Applying	CommitItem	refuse R0102
temporary	auto	yes	revert	Applying	Refuse	-> Held
temporary	auto	yes	revert	Applying	WaitAtStep	-> Waiting
temporary	auto	yes	revert	Applying	DeferAtStep	-> Deferred
temporary	auto	yes	revert	Applying	Renew	stay
temporary	auto	yes	revert	Applying	Confirm	refuse R0102
temporary	auto	yes	revert	Applying	WaneElapses	-> Expired
temporary	auto	yes	revert	Waiting	WaitSatisfied	-> Applying
temporary	auto	yes	revert	Waiting	Recant	-> Reverting
temporary	auto	yes	revert	Waiting	BoundLapses	-> Reverting
temporary	auto	yes	revert	Waiting	WaneElapses	-> Expired
temporary	auto	yes	revert	Deferred	HandoffDone	-> Applying
temporary	auto	yes	revert	Deferred	Recant	-> Reverting
temporary	auto	yes	revert	Deferred	CommitVerb	refuse R0102
temporary	auto	yes	revert	Deferred	WaneElapses	-> Expired
temporary	auto	yes	revert	Held	Recant	-> Reverting
temporary	auto	yes	revert	Held	CommitVerb	refuse R0102
temporary	auto	yes	revert	Held	Resume	-> Applying
temporary	auto	yes	revert	Held	WaneElapses	-> Expired
temporary	auto	yes	revert	Applied	Recant	-> Reverting
temporary	auto	yes	revert	Applied	Suspend	-> Suspended
temporary	auto	yes	revert	Applied	Renew	stay
temporary	auto	yes	revert	Applied	Confirm	refuse R0102
temporary	auto	yes	revert	Applied	WaneElapses	-> Expired
temporary	auto	yes	revert	Suspended	Recant	-> Reverting
temporary	auto	yes	revert	Suspended	Reestablish	-> Applied
temporary	auto	yes	revert	Suspended	WaneElapses	-> Expired
temporary	auto	yes	revert	Expired	WaneElapses	stay
temporary	auto	yes	revert	Expired	UndoClean	-> Closed
temporary	auto	yes	revert	Expired	UndoFailed	-> Stuck
temporary	auto	yes	revert	Expired	DriftOnDefer	-> DriftHeld
temporary	auto	yes	revert	Reverting	WaneElapses	-> Expired
temporary	auto	yes	revert	Reverting	UndoClean	-> Closed
temporary	auto	yes	revert	Reverting	UndoFailed	-> Stuck
temporary	auto	yes	revert	Reverting	DriftOnDefer	-> DriftHeld
temporary	auto	yes	revert	Stuck	WaneElapses	stay
temporary	auto	yes	revert	Stuck	Retry	-> Reverting
temporary	auto	yes	revert	Stuck	Abandon	-> Closed
temporary	auto	yes	revert	DriftHeld	Recant	refuse R0103
temporary	auto	yes	revert	DriftHeld	WaneElapses	stay
temporary	auto	yes	revert	DriftHeld	ForceDrift	-> Reverting
temporary	auto	yes	revert	DriftHeld	Abandon	-> Closed
temporary	auto	yes	hold	Unchecked	Check	-> Checked
temporary	auto	yes	hold	Checked	Request	-> Pending
temporary	auto	yes	hold	Pending	Approve	-> Applying
temporary	auto	yes	hold	Pending	ApprovalWindowLapses	-> ApprovalExpired
temporary	auto	yes	hold	Pending	Cancel	-> Closed
temporary	auto	yes	hold	Pending	HostContractChanged	-> Closed
temporary	auto	yes	hold	ApprovalExpired	Cancel	-> Closed
temporary	auto	yes	hold	Applying	AllStepsDone	-> Applied
temporary	auto	yes	hold	Applying	CommitItem	refuse R0102
temporary	auto	yes	hold	Applying	Refuse	-> Held
temporary	auto	yes	hold	Applying	WaitAtStep	-> Waiting
temporary	auto	yes	hold	Applying	DeferAtStep	-> Deferred
temporary	auto	yes	hold	Applying	Renew	stay
temporary	auto	yes	hold	Applying	Confirm	refuse R0102
temporary	auto	yes	hold	Applying	WaneElapses	-> Expired
temporary	auto	yes	hold	Waiting	WaitSatisfied	-> Applying
temporary	auto	yes	hold	Waiting	Recant	-> Reverting
temporary	auto	yes	hold	Waiting	BoundLapses	-> Reverting
temporary	auto	yes	hold	Waiting	WaneElapses	-> Expired
temporary	auto	yes	hold	Deferred	HandoffDone	-> Applying
temporary	auto	yes	hold	Deferred	Recant	-> Reverting
temporary	auto	yes	hold	Deferred	CommitVerb	refuse R0102
temporary	auto	yes	hold	Deferred	WaneElapses	-> Expired
temporary	auto	yes	hold	Held	Recant	-> Reverting
temporary	auto	yes	hold	Held	CommitVerb	refuse R0102
temporary	auto	yes	hold	Held	Resume	-> Applying
temporary	auto	yes	hold	Held	WaneElapses	-> Expired
temporary	auto	yes	hold	Applied	Recant	-> Reverting
temporary	auto	yes	hold	Applied	Suspend	-> Suspended
temporary	auto	yes	hold	Applied	Renew	stay
temporary	auto	yes	hold	Applied	Confirm	refuse R0102
temporary	auto	yes	hold	Applied	WaneElapses	-> Expired
temporary	auto	yes	hold	Suspended	Recant	-> Reverting
temporary	auto	yes	hold	Suspended	Reestablish	-> Applied
temporary	auto	yes	hold	Suspended	WaneElapses	-> Expired
temporary	auto	yes	hold	Expired	WaneElapses	stay
temporary	auto	yes	hold	Expired	UndoClean	-> Closed
temporary	auto	yes	hold	Expired	UndoFailed	-> Stuck
temporary	auto	yes	hold	Expired	DriftOnDefer	-> DriftHeld
temporary	auto	yes	hold	Reverting	WaneElapses	-> Expired
temporary	auto	yes	hold	Reverting	UndoClean	-> Closed
temporary	auto	yes	hold	Reverting	UndoFailed	-> Stuck
temporary	auto	yes	hold	Reverting	DriftOnDefer	-> DriftHeld
temporary	auto	yes	hold	Stuck	WaneElapses	stay
temporary	auto	yes	hold	Stuck	Retry	-> Reverting
temporary	auto	yes	hold	Stuck	Abandon	-> Closed
temporary	auto	yes	hold	DriftHeld	Recant	refuse R0103
temporary	auto	yes	hold	DriftHeld	WaneElapses	stay
temporary	auto	yes	hold	DriftHeld	ForceDrift	-> Reverting
temporary	auto	yes	hold	DriftHeld	Abandon	-> Closed
permanent	manual	no	revert	Unchecked	Check	-> Checked
permanent	manual	no	revert	Checked	Request	-> Pending
permanent	manual	no	revert	Pending	Approve	-> Applying
permanent	manual	no	revert	Pending	ApprovalWindowLapses	-> ApprovalExpired
permanent	manual	no	revert	Pending	Cancel	-> Closed
permanent	manual	no	revert	Pending	HostContractChanged	-> Closed
permanent	manual	no	revert	ApprovalExpired	Cancel	-> Closed
permanent	manual	no	revert	Applying	CommitItem	-> Committed
permanent	manual	no	revert	Applying	Refuse	-> Reverting
permanent	manual	no	revert	Applying	WaitAtStep	-> Waiting
permanent	manual	no	revert	Applying	DeferAtStep	-> Deferred
permanent	manual	no	revert	Applying	Renew	refuse R0102
permanent	manual	no	revert	Applying	Confirm	stay
permanent	manual	no	revert	Waiting	WaitSatisfied	-> Applying
permanent	manual	no	revert	Waiting	Recant	-> Reverting
permanent	manual	no	revert	Waiting	BoundLapses	-> Reverting
permanent	manual	no	revert	Deferred	HandoffDone	-> Applying
permanent	manual	no	revert	Deferred	Recant	-> Reverting
permanent	manual	no	revert	Deferred	CommitVerb	-> Committed
permanent	manual	no	revert	Held	Recant	-> Reverting
permanent	manual	no	revert	Held	CommitVerb	-> Committed
permanent	manual	no	revert	Held	Resume	-> Applying
permanent	manual	no	revert	Expired	UndoClean	-> Closed
permanent	manual	no	revert	Expired	UndoFailed	-> Stuck
permanent	manual	no	revert	Expired	DriftOnDefer	-> DriftHeld
permanent	manual	no	revert	Reverting	UndoClean	-> Closed
permanent	manual	no	revert	Reverting	UndoFailed	-> Stuck
permanent	manual	no	revert	Reverting	DriftOnDefer	-> DriftHeld
permanent	manual	no	revert	Stuck	Retry	-> Reverting
permanent	manual	no	revert	Stuck	Abandon	-> Closed
permanent	manual	no	revert	DriftHeld	Recant	refuse R0103
permanent	manual	no	revert	DriftHeld	ForceDrift	-> Reverting
permanent	manual	no	revert	DriftHeld	Abandon	-> Closed
permanent	manual	no	hold	Unchecked	Check	-> Checked
permanent	manual	no	hold	Checked	Request	-> Pending
permanent	manual	no	hold	Pending	Approve	-> Applying
permanent	manual	no	hold	Pending	ApprovalWindowLapses	-> ApprovalExpired
permanent	manual	no	hold	Pending	Cancel	-> Closed
permanent	manual	no	hold	Pending	HostContractChanged	-> Closed
permanent	manual	no	hold	ApprovalExpired	Cancel	-> Closed
permanent	manual	no	hold	Applying	CommitItem	-> Committed
permanent	manual	no	hold	Applying	Refuse	-> Reverting
permanent	manual	no	hold	Applying	WaitAtStep	-> Waiting
permanent	manual	no	hold	Applying	DeferAtStep	-> Deferred
permanent	manual	no	hold	Applying	Renew	refuse R0102
permanent	manual	no	hold	Applying	Confirm	stay
permanent	manual	no	hold	Waiting	WaitSatisfied	-> Applying
permanent	manual	no	hold	Waiting	Recant	-> Reverting
permanent	manual	no	hold	Waiting	BoundLapses	-> Held
permanent	manual	no	hold	Deferred	HandoffDone	-> Applying
permanent	manual	no	hold	Deferred	Recant	-> Reverting
permanent	manual	no	hold	Deferred	CommitVerb	-> Committed
permanent	manual	no	hold	Held	Recant	-> Reverting
permanent	manual	no	hold	Held	CommitVerb	-> Committed
permanent	manual	no	hold	Held	Resume	-> Applying
permanent	manual	no	hold	Expired	UndoClean	-> Closed
permanent	manual	no	hold	Expired	UndoFailed	-> Stuck
permanent	manual	no	hold	Expired	DriftOnDefer	-> DriftHeld
permanent	manual	no	hold	Reverting	UndoClean	-> Closed
permanent	manual	no	hold	Reverting	UndoFailed	-> Stuck
permanent	manual	no	hold	Reverting	DriftOnDefer	-> DriftHeld
permanent	manual	no	hold	Stuck	Retry	-> Reverting
permanent	manual	no	hold	Stuck	Abandon	-> Closed
permanent	manual	no	hold	DriftHeld	Recant	refuse R0103
permanent	manual	no	hold	DriftHeld	ForceDrift	-> Reverting
permanent	manual	no	hold	DriftHeld	Abandon	-> Closed
permanent	manual	yes	revert	Unchecked	Check	-> Checked
permanent	manual	yes	revert	Checked	Request	-> Pending
permanent	manual	yes	revert	Pending	Approve	-> Applying
permanent	manual	yes	revert	Pending	ApprovalWindowLapses	-> ApprovalExpired
permanent	manual	yes	revert	Pending	Cancel	-> Closed
permanent	manual	yes	revert	Pending	HostContractChanged	-> Closed
permanent	manual	yes	revert	ApprovalExpired	Cancel	-> Closed
permanent	manual	yes	revert	Applying	CommitItem	-> Committed
permanent	manual	yes	revert	Applying	Refuse	-> Held
permanent	manual	yes	revert	Applying	WaitAtStep	-> Waiting
permanent	manual	yes	revert	Applying	DeferAtStep	-> Deferred
permanent	manual	yes	revert	Applying	Renew	refuse R0102
permanent	manual	yes	revert	Applying	Confirm	stay
permanent	manual	yes	revert	Waiting	WaitSatisfied	-> Applying
permanent	manual	yes	revert	Waiting	Recant	-> Reverting
permanent	manual	yes	revert	Waiting	BoundLapses	-> Reverting
permanent	manual	yes	revert	Deferred	HandoffDone	-> Applying
permanent	manual	yes	revert	Deferred	Recant	-> Reverting
permanent	manual	yes	revert	Deferred	CommitVerb	-> Committed
permanent	manual	yes	revert	Held	Recant	-> Reverting
permanent	manual	yes	revert	Held	CommitVerb	-> Committed
permanent	manual	yes	revert	Held	Resume	-> Applying
permanent	manual	yes	revert	Expired	UndoClean	-> Closed
permanent	manual	yes	revert	Expired	UndoFailed	-> Stuck
permanent	manual	yes	revert	Expired	DriftOnDefer	-> DriftHeld
permanent	manual	yes	revert	Reverting	UndoClean	-> Closed
permanent	manual	yes	revert	Reverting	UndoFailed	-> Stuck
permanent	manual	yes	revert	Reverting	DriftOnDefer	-> DriftHeld
permanent	manual	yes	revert	Stuck	Retry	-> Reverting
permanent	manual	yes	revert	Stuck	Abandon	-> Closed
permanent	manual	yes	revert	DriftHeld	Recant	refuse R0103
permanent	manual	yes	revert	DriftHeld	ForceDrift	-> Reverting
permanent	manual	yes	revert	DriftHeld	Abandon	-> Closed
permanent	manual	yes	hold	Unchecked	Check	-> Checked
permanent	manual	yes	hold	Checked	Request	-> Pending
permanent	manual	yes	hold	Pending	Approve	-> Applying
permanent	manual	yes	hold	Pending	ApprovalWindowLapses	-> ApprovalExpired
permanent	manual	yes	hold	Pending	Cancel	-> Closed
permanent	manual	yes	hold	Pending	HostContractChanged	-> Closed
permanent	manual	yes	hold	ApprovalExpired	Cancel	-> Closed
permanent	manual	yes	hold	Applying	CommitItem	-> Committed
permanent	manual	yes	hold	Applying	Refuse	-> Held
permanent	manual	yes	hold	Applying	WaitAtStep	-> Waiting
permanent	manual	yes	hold	Applying	DeferAtStep	-> Deferred
permanent	manual	yes	hold	Applying	Renew	refuse R0102
permanent	manual	yes	hold	Applying	Confirm	stay
permanent	manual	yes	hold	Waiting	WaitSatisfied	-> Applying
permanent	manual	yes	hold	Waiting	Recant	-> Reverting
permanent	manual	yes	hold	Waiting	BoundLapses	-> Held
permanent	manual	yes	hold	Deferred	HandoffDone	-> Applying
permanent	manual	yes	hold	Deferred	Recant	-> Reverting
permanent	manual	yes	hold	Deferred	CommitVerb	-> Committed
permanent	manual	yes	hold	Held	Recant	-> Reverting
permanent	manual	yes	hold	Held	CommitVerb	-> Committed
permanent	manual	yes	hold	Held	Resume	-> Applying
permanent	manual	yes	hold	Expired	UndoClean	-> Closed
permanent	manual	yes	hold	Expired	UndoFailed	-> Stuck
permanent	manual	yes	hold	Expired	DriftOnDefer	-> DriftHeld
permanent	manual	yes	hold	Reverting	UndoClean	-> Closed
permanent	manual	yes	hold	Reverting	UndoFailed	-> Stuck
permanent	manual	yes	hold	Reverting	DriftOnDefer	-> DriftHeld
permanent	manual	yes	hold	Stuck	Retry	-> Reverting
permanent	manual	yes	hold	Stuck	Abandon	-> Closed
permanent	manual	yes	hold	DriftHeld	Recant	refuse R0103
permanent	manual	yes	hold	DriftHeld	ForceDrift	-> Reverting
permanent	manual	yes	hold	DriftHeld	Abandon	-> Closed
permanent	auto	no	revert	Unchecked	Check	-> Checked
permanent	auto	no	revert	Checked	Request	-> Pending
permanent	auto	no	revert	Pending	Approve	-> Applying
permanent	auto	no	revert	Pending	ApprovalWindowLapses	-> ApprovalExpired
permanent	auto	no	revert	Pending	Cancel	-> Closed
permanent	auto	no	revert	Pending	HostContractChanged	-> Closed
permanent	auto	no	revert	ApprovalExpired	Cancel	-> Closed
permanent	auto	no	revert	Applying	CommitItem	-> Committed
permanent	auto	no	revert	Applying	Refuse	-> Reverting
permanent	auto	no	revert	Applying	WaitAtStep	-> Waiting
permanent	auto	no	revert	Applying	DeferAtStep	-> Deferred
permanent	auto	no	revert	Applying	Renew	refuse R0102
permanent	auto	no	revert	Applying	Confirm	stay
permanent	auto	no	revert	Waiting	WaitSatisfied	-> Applying
permanent	auto	no	revert	Waiting	Recant	-> Reverting
permanent	auto	no	revert	Waiting	BoundLapses	-> Reverting
permanent	auto	no	revert	Deferred	HandoffDone	-> Applying
permanent	auto	no	revert	Deferred	Recant	-> Reverting
permanent	auto	no	revert	Deferred	CommitVerb	-> Committed
permanent	auto	no	revert	Held	Recant	-> Reverting
permanent	auto	no	revert	Held	CommitVerb	-> Committed
permanent	auto	no	revert	Held	Resume	-> Applying
permanent	auto	no	revert	Expired	UndoClean	-> Closed
permanent	auto	no	revert	Expired	UndoFailed	-> Stuck
permanent	auto	no	revert	Expired	DriftOnDefer	-> DriftHeld
permanent	auto	no	revert	Reverting	UndoClean	-> Closed
permanent	auto	no	revert	Reverting	UndoFailed	-> Stuck
permanent	auto	no	revert	Reverting	DriftOnDefer	-> DriftHeld
permanent	auto	no	revert	Stuck	Retry	-> Reverting
permanent	auto	no	revert	Stuck	Abandon	-> Closed
permanent	auto	no	revert	DriftHeld	Recant	refuse R0103
permanent	auto	no	revert	DriftHeld	ForceDrift	-> Reverting
permanent	auto	no	revert	DriftHeld	Abandon	-> Closed
permanent	auto	no	hold	Unchecked	Check	-> Checked
permanent	auto	no	hold	Checked	Request	-> Pending
permanent	auto	no	hold	Pending	Approve	-> Applying
permanent	auto	no	hold	Pending	ApprovalWindowLapses	-> ApprovalExpired
permanent	auto	no	hold	Pending	Cancel	-> Closed
permanent	auto	no	hold	Pending	HostContractChanged	-> Closed
permanent	auto	no	hold	ApprovalExpired	Cancel	-> Closed
permanent	auto	no	hold	Applying	CommitItem	-> Committed
permanent	auto	no	hold	Applying	Refuse	-> Reverting
permanent	auto	no	hold	Applying	WaitAtStep	-> Waiting
permanent	auto	no	hold	Applying	DeferAtStep	-> Deferred
permanent	auto	no	hold	Applying	Renew	refuse R0102
permanent	auto	no	hold	Applying	Confirm	stay
permanent	auto	no	hold	Waiting	WaitSatisfied	-> Applying
permanent	auto	no	hold	Waiting	Recant	-> Reverting
permanent	auto	no	hold	Waiting	BoundLapses	-> Reverting
permanent	auto	no	hold	Deferred	HandoffDone	-> Applying
permanent	auto	no	hold	Deferred	Recant	-> Reverting
permanent	auto	no	hold	Deferred	CommitVerb	-> Committed
permanent	auto	no	hold	Held	Recant	-> Reverting
permanent	auto	no	hold	Held	CommitVerb	-> Committed
permanent	auto	no	hold	Held	Resume	-> Applying
permanent	auto	no	hold	Expired	UndoClean	-> Closed
permanent	auto	no	hold	Expired	UndoFailed	-> Stuck
permanent	auto	no	hold	Expired	DriftOnDefer	-> DriftHeld
permanent	auto	no	hold	Reverting	UndoClean	-> Closed
permanent	auto	no	hold	Reverting	UndoFailed	-> Stuck
permanent	auto	no	hold	Reverting	DriftOnDefer	-> DriftHeld
permanent	auto	no	hold	Stuck	Retry	-> Reverting
permanent	auto	no	hold	Stuck	Abandon	-> Closed
permanent	auto	no	hold	DriftHeld	Recant	refuse R0103
permanent	auto	no	hold	DriftHeld	ForceDrift	-> Reverting
permanent	auto	no	hold	DriftHeld	Abandon	-> Closed
permanent	auto	yes	revert	Unchecked	Check	-> Checked
permanent	auto	yes	revert	Checked	Request	-> Pending
permanent	auto	yes	revert	Pending	Approve	-> Applying
permanent	auto	yes	revert	Pending	ApprovalWindowLapses	-> ApprovalExpired
permanent	auto	yes	revert	Pending	Cancel	-> Closed
permanent	auto	yes	revert	Pending	HostContractChanged	-> Closed
permanent	auto	yes	revert	ApprovalExpired	Cancel	-> Closed
permanent	auto	yes	revert	Applying	CommitItem	-> Committed
permanent	auto	yes	revert	Applying	Refuse	-> Held
permanent	auto	yes	revert	Applying	WaitAtStep	-> Waiting
permanent	auto	yes	revert	Applying	DeferAtStep	-> Deferred
permanent	auto	yes	revert	Applying	Renew	refuse R0102
permanent	auto	yes	revert	Applying	Confirm	stay
permanent	auto	yes	revert	Waiting	WaitSatisfied	-> Applying
permanent	auto	yes	revert	Waiting	Recant	-> Reverting
permanent	auto	yes	revert	Waiting	BoundLapses	-> Reverting
permanent	auto	yes	revert	Deferred	HandoffDone	-> Applying
permanent	auto	yes	revert	Deferred	Recant	-> Reverting
permanent	auto	yes	revert	Deferred	CommitVerb	-> Committed
permanent	auto	yes	revert	Held	Recant	-> Reverting
permanent	auto	yes	revert	Held	CommitVerb	-> Committed
permanent	auto	yes	revert	Held	Resume	-> Applying
permanent	auto	yes	revert	Expired	UndoClean	-> Closed
permanent	auto	yes	revert	Expired	UndoFailed	-> Stuck
permanent	auto	yes	revert	Expired	DriftOnDefer	-> DriftHeld
permanent	auto	yes	revert	Reverting	UndoClean	-> Closed
permanent	auto	yes	revert	Reverting	UndoFailed	-> Stuck
permanent	auto	yes	revert	Reverting	DriftOnDefer	-> DriftHeld
permanent	auto	yes	revert	Stuck	Retry	-> Reverting
permanent	auto	yes	revert	Stuck	Abandon	-> Closed
permanent	auto	yes	revert	DriftHeld	Recant	refuse R0103
permanent	auto	yes	revert	DriftHeld	ForceDrift	-> Reverting
permanent	auto	yes	revert	DriftHeld	Abandon	-> Closed
permanent	auto	yes	hold	Unchecked	Check	-> Checked
permanent	auto	yes	hold	Checked	Request	-> Pending
permanent	auto	yes	hold	Pending	Approve	-> Applying
permanent	auto	yes	hold	Pending	ApprovalWindowLapses	-> ApprovalExpired
permanent	auto	yes	hold	Pending	Cancel	-> Closed
permanent	auto	yes	hold	Pending	HostContractChanged	-> Closed
permanent	auto	yes	hold	ApprovalExpired	Cancel	-> Closed
permanent	auto	yes	hold	Applying	CommitItem	-> Committed
permanent	auto	yes	hold	Applying	Refuse	-> Held
permanent	auto	yes	hold	Applying	WaitAtStep	-> Waiting
permanent	auto	yes	hold	Applying	DeferAtStep	-> Deferred
permanent	auto	yes	hold	Applying	Renew	refuse R0102
permanent	auto	yes	hold	Applying	Confirm	stay
permanent	auto	yes	hold	Waiting	WaitSatisfied	-> Applying
permanent	auto	yes	hold	Waiting	Recant	-> Reverting
permanent	auto	yes	hold	Waiting	BoundLapses	-> Reverting
permanent	auto	yes	hold	Deferred	HandoffDone	-> Applying
permanent	auto	yes	hold	Deferred	Recant	-> Reverting
permanent	auto	yes	hold	Deferred	CommitVerb	-> Committed
permanent	auto	yes	hold	Held	Recant	-> Reverting
permanent	auto	yes	hold	Held	CommitVerb	-> Committed
permanent	auto	yes	hold	Held	Resume	-> Applying
permanent	auto	yes	hold	Expired	UndoClean	-> Closed
permanent	auto	yes	hold	Expired	UndoFailed	-> Stuck
permanent	auto	yes	hold	Expired	DriftOnDefer	-> DriftHeld
permanent	auto	yes	hold	Reverting	UndoClean	-> Closed
permanent	auto	yes	hold	Reverting	UndoFailed	-> Stuck
permanent	auto	yes	hold	Reverting	DriftOnDefer	-> DriftHeld
permanent	auto	yes	hold	Stuck	Retry	-> Reverting
permanent	auto	yes	hold	Stuck	Abandon	-> Closed
permanent	auto	yes	hold	DriftHeld	Recant	refuse R0103
permanent	auto	yes	hold	DriftHeld	ForceDrift	-> Reverting
permanent	auto	yes	hold	DriftHeld	Abandon	-> Closed
